job_id,num_gpu,submit_time,iterations,model_name,duration,interval
7511,8,0,0,vgg16,1441447,571085
7900,5,571085,0,alexnet,59741,21721
7947,1,592806,0,alexnet,4140,955
7955,1,594763,0,inception3,500,1137
7985,1,595900,0,vgg16,137703,1403
7989,1,597303,0,resnet50,2,4438
7997,6,601741,0,inception4,24,43
7998,6,601784,0,vgg16,24,683
8000,6,602467,0,vgg16,77,2761
8007,1,605228,0,inception4,86,1730
8020,1,606958,0,vgg19,99,539
8026,1,607497,0,inception4,349,812
8032,1,608309,0,inception3,12,42
8033,1,608351,0,inception3,48,247
8038,1,609059,0,resnet50,83,267
8040,1,609326,0,vgg19,122,26
8041,1,609352,0,resnet152,42,209
8043,1,609561,0,vgg16,20808,29
8044,1,609590,0,alexnet,33333,2876
8112,1,653984,0,resnet50,115,474
8113,1,654458,0,vgg19,24,161
8114,1,654619,0,vgg19,82,396
8115,1,655015,0,resnet152,82,3006
8117,5,658021,0,resnet152,11,260
8118,5,658281,0,alexnet,33,118
8121,5,658399,0,alexnet,34,684
8124,5,659083,0,vgg19,87,33
8125,5,659116,0,vgg19,60,150
8126,5,659266,0,inception3,11713,56
8128,5,659322,0,alexnet,81393,1806
8138,1,666551,0,resnet101,1,328
8139,1,666879,0,inception3,43882,583
8141,8,667462,0,resnet101,11,70
8142,8,667532,0,inception4,82601,56
8143,8,667588,0,alexnet,11884,7109
8174,6,675280,0,resnet152,1,1
8177,6,675514,0,vgg19,1,197
8185,8,677936,0,alexnet,216348,1860
8200,4,679796,0,inception4,3477,109
8201,4,679905,0,resnet101,4344,3376
8237,4,727646,0,resnet101,1,161
8238,4,727807,0,resnet101,1,64
8239,4,727871,0,vgg19,1,59
8240,4,727930,0,resnet50,1,1263
8249,4,729572,0,inception4,18,57
8250,4,729629,0,vgg16,3549,57
8251,4,729686,0,vgg19,3747,15
8252,4,729701,0,resnet50,2793,5
8253,4,729706,0,inception3,3683,4
8254,4,729710,0,vgg19,3705,5
8255,4,729715,0,resnet50,3619,3
8256,4,729718,0,inception3,4281,403
8260,1,730121,0,vgg11,122,3745
8276,4,733866,0,resnet101,11,3041
8285,8,736907,0,vgg19,37,53
8286,8,736960,0,vgg19,34,87
8288,5,737047,0,alexnet,17154,111
8290,8,737158,0,vgg16,50,25
8291,5,737183,0,vgg16,17780,61
8292,5,737244,0,resnet152,34,55
8293,5,737299,0,resnet152,34,220
8294,5,737519,0,vgg16,33,28
8295,5,737547,0,vgg19,17623,198
8296,8,737745,0,inception4,36,40
8297,5,737785,0,vgg19,38,5
8298,8,737790,0,resnet101,4271,23
8300,1,737829,0,resnet50,1000,29
8301,1,737858,0,inception3,1000,48
8302,1,737906,0,resnet50,1000,161
8303,5,738067,0,vgg19,35,162
8307,8,738229,0,inception3,118,265
8309,3,738494,0,inception3,17040,443
8310,7,738937,0,resnet101,121,680
8312,4,739617,0,resnet50,3884,13
8313,4,739630,0,vgg19,4068,434
8314,8,740064,0,inception3,38,484
8315,8,740548,0,inception4,35,154
8316,6,740702,0,vgg11,34,4686
8318,8,745388,0,vgg16,11224,859
8321,4,746247,0,resnet152,3716,12
8322,4,746259,0,vgg16,3647,32
8323,4,746291,0,resnet101,3678,11
8324,4,746302,0,inception4,4042,16
8325,4,746318,0,vgg11,3905,11
8326,4,746329,0,resnet101,3173,74
8327,4,746403,0,resnet50,4057,14
8328,4,746417,0,vgg16,3117,17
8329,4,746434,0,resnet152,4319,16
8330,4,746450,0,inception4,3739,19
8332,4,746487,0,resnet152,3089,1285
8335,5,747772,0,inception4,27021,644
8339,8,748416,0,vgg11,45,132
8340,8,748548,0,inception4,34,1648
8346,1,750196,0,resnet50,8,60
8347,1,750256,0,vgg16,8,661
8350,1,750917,0,vgg16,48338,459
8351,4,751376,0,resnet50,3980,17
8352,4,751393,0,vgg11,2753,30
8353,4,751423,0,vgg11,3192,29
8354,4,751452,0,vgg16,3580,828
8358,4,752546,0,inception3,1,113
8361,4,752659,0,vgg19,7116,2388
8367,4,755047,0,inception3,4274,13
8368,4,755060,0,inception3,3836,15
8369,4,755075,0,alexnet,4347,1013
8373,4,756088,0,resnet50,4629,20
8374,4,756108,0,inception3,4229,549
8377,8,756657,0,resnet152,47975,47
8378,8,756704,0,vgg16,17937,55
8379,8,756759,0,resnet152,60827,375
8380,1,757134,0,resnet152,60485,453
8382,4,757676,0,alexnet,5643,66
8383,4,757742,0,resnet101,5673,10
8384,4,757752,0,inception4,4058,21
8386,4,757773,0,vgg16,3824,21
8387,4,757794,0,vgg11,4669,8
8388,4,757802,0,vgg19,4650,745
8400,1,759045,0,inception4,36,150
8402,5,759198,0,inception3,21160,178
8404,3,759376,0,resnet101,23228,88
8406,4,759464,0,resnet152,21979,212
8407,1,759676,0,inception3,917,1244
8410,1,760920,0,vgg11,925,80
8411,8,761000,0,inception3,27,70
8412,1,761070,0,vgg19,10,2211
8416,4,763281,0,inception3,7529,13
8417,4,763294,0,inception3,7102,20
8418,4,763314,0,vgg19,7311,4323
8436,4,767637,0,inception3,6339,12
8437,4,767649,0,resnet101,6340,11
8438,4,767660,0,resnet101,6319,11
8439,4,767671,0,resnet50,6305,23
8440,4,767694,0,alexnet,6289,2974
8447,7,770668,0,inception3,3,836
8450,1,771504,0,resnet50,2,144
8451,1,771648,0,inception4,144301,371
8452,7,772019,0,resnet101,38,1573
8453,4,773592,0,alexnet,4,17
8454,4,773609,0,vgg16,4,1721
8469,8,775330,0,resnet101,7,4031
8478,1,779361,0,alexnet,144566,36062
8490,2,815423,0,vgg11,97768,29
8491,2,815452,0,vgg11,90898,13
8492,2,815465,0,vgg19,66250,18
8493,2,815483,0,vgg16,76177,14
8494,2,815497,0,alexnet,75397,7
8495,2,815504,0,resnet50,68106,2942
8500,1,818446,0,resnet50,8675,4179
8516,4,822625,0,resnet50,62069,13
8517,4,822638,0,vgg16,64381,11
8518,4,822649,0,vgg11,49767,84
8519,2,822733,0,vgg16,25251,143
8521,1,822876,0,alexnet,18544,106
8522,1,822982,0,vgg16,24130,98
8523,1,823080,0,inception3,44147,3040
8528,1,826120,0,resnet101,701,7832
8542,1,833952,0,vgg11,1033,743
8543,8,834695,0,resnet101,8,1213
8547,3,835908,0,vgg19,25,172
8548,3,836080,0,inception4,1679,1193
8553,4,837273,0,vgg11,181370,223
8557,2,837496,0,vgg19,13404,468
8558,4,837964,0,vgg11,10,171
8559,2,838135,0,vgg11,677,84
8561,4,838219,0,inception4,69,60
8562,4,838279,0,vgg16,125,205
8564,4,838484,0,resnet50,118,174
8566,4,838658,0,resnet50,123,182
8570,2,839125,0,vgg11,674,35
8573,8,839160,0,vgg16,9,77
8575,1,839237,0,inception3,1130,69
8576,4,839306,0,vgg16,48232,37
8577,4,839343,0,inception4,16280,1996
8583,4,842193,0,inception4,44670,179
8591,4,842965,0,resnet101,210553,9
8592,4,842974,0,resnet50,207480,11
8593,4,842985,0,inception3,180314,47
8595,4,843032,0,resnet101,231331,14
8596,4,843046,0,vgg16,156043,32
8598,4,843078,0,inception3,178816,225
8603,1,847059,0,inception3,183998,671
8607,2,847730,0,resnet152,31906,82
8609,1,847812,0,resnet50,11374,65
8610,4,847877,0,resnet152,47777,46
8611,4,847923,0,inception3,45360,27
8612,1,847950,0,resnet101,12684,827
8616,1,848924,0,inception4,26067,19
8617,1,848943,0,vgg11,24598,42
8619,8,848985,0,vgg19,152,1
8620,1,848986,0,vgg16,34243,33
8621,1,849019,0,inception4,34104,22
8622,1,849041,0,vgg11,47118,22
8623,1,849063,0,vgg19,48070,78
8703,4,1076384,0,resnet101,53805,22
8704,4,1076406,0,vgg19,41854,2014
8710,1,1078420,0,inception4,33,5274
8715,5,1083694,0,vgg19,12,27
8716,5,1083721,0,resnet101,11,253
8719,5,1083974,0,alexnet,24119,1348
8723,5,1085322,0,vgg11,45083,24
8724,5,1085346,0,alexnet,88966,714
8725,8,1086060,0,resnet152,133366,63
8726,8,1086123,0,vgg16,128336,65
8727,8,1086188,0,vgg19,128511,2428
8729,1,1088616,0,resnet101,31,144
8730,5,1088760,0,inception4,47386,746
8732,4,1089506,0,resnet50,26134,45
8733,4,1089551,0,resnet152,17796,38
8734,1,1089589,0,inception3,8665,480
8738,8,1090069,0,resnet152,149274,3660
8754,1,1093729,0,inception4,1000,490
8755,2,1094219,0,resnet152,23611,2671
8756,1,1096890,0,alexnet,3,427
8757,1,1097317,0,vgg11,3,158
8760,2,1097475,0,resnet152,7712,4
8761,2,1097479,0,vgg11,8031,12
8763,2,1097491,0,resnet101,9591,7
8764,2,1097498,0,resnet101,9225,229
8765,1,1097727,0,inception4,2,39
8766,4,1097766,0,alexnet,55405,5
8767,4,1097771,0,inception4,55378,4
8768,4,1097775,0,resnet50,55778,136
8769,2,1097911,0,vgg16,47080,28
8770,2,1097939,0,vgg19,49860,81
8771,1,1098020,0,vgg16,2,489
8773,1,1098509,0,resnet50,33,983
8774,2,1099492,0,inception3,8430,11
8775,2,1099503,0,alexnet,7998,11
8776,2,1099514,0,vgg11,9252,19
8777,2,1099533,0,inception3,7391,15
8778,2,1099548,0,vgg11,10737,1092
8782,1,1100640,0,resnet50,34,135
8783,1,1100775,0,vgg16,33,150
8784,1,1100925,0,alexnet,389,28
8785,1,1100953,0,resnet101,212,743
8788,1,1102658,0,inception4,107,91
8789,1,1102749,0,vgg16,137920,1190
8791,1,1103939,0,resnet101,269,113
8799,1,1104795,0,vgg16,309,861
8801,1,1105656,0,vgg11,211,63
8803,1,1105760,0,vgg19,507,4541
8817,5,1110301,0,alexnet,12331,1293
8823,5,1111594,0,inception4,13783,204
8826,4,1111798,0,resnet152,97458,1066
8829,2,1112864,0,inception3,48206,5
8830,2,1112869,0,alexnet,49387,3
8831,2,1112872,0,resnet50,47360,3
8832,1,1112875,0,vgg19,24,19
8834,2,1112894,0,vgg16,43853,1
8835,2,1112895,0,resnet152,50119,449
8841,1,1113344,0,vgg16,1037,409
8843,1,1113753,0,resnet50,6,156
8844,1,1113909,0,vgg11,6,114
8845,1,1114023,0,vgg16,6,198
8846,1,1114221,0,vgg16,49,553
8847,1,1114774,0,alexnet,24,411
8848,1,1115185,0,vgg11,49,378
8849,1,1115563,0,vgg11,25,223
8850,1,1115786,0,vgg19,461,2407
8855,1,1118193,0,resnet101,43553,91
8856,1,1118284,0,inception3,44673,2752
8857,4,1121036,0,inception3,11,349
8866,4,1121385,0,resnet152,157891,38
8867,4,1121423,0,vgg16,164797,38907
8893,4,1160330,0,vgg19,53097,15
8894,4,1160345,0,inception4,47064,14
8895,4,1160359,0,inception3,49730,720
8896,4,1161079,0,vgg19,39013,15
8897,4,1161094,0,resnet50,42393,11
8898,4,1161105,0,vgg16,38928,655
8901,4,1161760,0,vgg16,40934,7
8902,4,1161767,0,vgg11,54785,11
8903,4,1161778,0,inception3,54748,1795
8911,2,1163573,0,resnet50,205662,233
8912,1,1163806,0,resnet101,8504,2645
8921,2,1166451,0,resnet152,49002,3399
8925,2,1169850,0,resnet101,60739,25
8926,2,1169875,0,resnet152,56106,18090
8946,8,1190513,0,vgg16,27668,143
8953,8,1190656,0,vgg19,28168,4
8956,8,1190785,0,resnet50,160,948
8960,1,1191769,0,resnet50,4,30
8961,1,1191799,0,resnet101,8782,156
8972,8,1192620,0,vgg19,160,259
8975,1,1193261,0,inception3,5,396
8980,8,1194142,0,alexnet,157,1463
8985,6,1197690,0,vgg11,1391305,1788
9001,1,1201946,0,inception3,4300,270
9003,1,1202216,0,vgg16,1,657
9016,1,1203434,0,inception3,116800,2
9017,1,1203436,0,resnet152,231038,58
9023,1,1203494,0,vgg19,239625,9
9024,1,1203503,0,resnet50,237612,34
9025,1,1203537,0,vgg19,251028,9
9026,1,1203546,0,resnet101,245445,19
9027,1,1203565,0,vgg19,248357,5779
9045,2,1209344,0,resnet50,4,584
9086,8,1257283,0,inception3,139796,1335
9089,8,1258618,0,inception4,2,156
9090,8,1258774,0,inception3,8,4642
9093,1,1263416,0,inception4,4,367
9095,1,1263783,0,resnet101,2,171
9096,1,1263954,0,vgg19,2,2534
9114,1,1266488,0,vgg11,5,194
9115,1,1266682,0,resnet50,5,1940
9121,1,1268622,0,inception4,71282,14
9122,1,1268636,0,vgg11,71807,16
9123,1,1268652,0,resnet50,70423,12
9124,1,1268664,0,resnet50,42578,2462
9126,1,1271126,0,vgg11,415,395
9127,5,1271521,0,vgg19,42931,102
9128,5,1271623,0,vgg11,33106,60
9129,5,1271683,0,alexnet,30903,517
9130,1,1272200,0,resnet152,138585,56
9131,1,1272256,0,inception3,409,132
9132,8,1272388,0,vgg16,6403,657
9133,1,1273045,0,vgg11,17016,4652
9146,8,1277697,0,vgg19,6,171
9149,8,1277868,0,resnet101,5,70
9150,8,1277938,0,vgg19,27,350
9152,8,1278288,0,resnet152,6,291
9156,1,1280574,0,resnet101,3,159
9157,1,1280733,0,vgg11,42,364
9159,8,1281097,0,resnet101,8,119
9160,2,1281216,0,vgg19,8,333
9161,2,1281549,0,resnet152,47201,224
9162,2,1281773,0,resnet152,45815,210
9163,2,1281983,0,vgg11,47986,99
9166,2,1282082,0,vgg11,47966,361
9170,2,1282443,0,resnet152,43415,43
9171,2,1282486,0,inception3,45868,41
9173,2,1282527,0,resnet101,43693,54
9174,2,1282581,0,vgg19,46474,53
9175,8,1282634,0,vgg19,27,121
9176,8,1282755,0,resnet101,661,53
9178,8,1282808,0,resnet152,41898,102
9180,8,1282910,0,resnet50,1886,1857
9181,1,1284767,0,vgg11,1,167
9183,1,1284934,0,vgg19,1,121
9184,8,1285055,0,vgg16,1151,51
9185,8,1285106,0,inception4,1903,7
9186,1,1285113,0,resnet152,1,127
9187,1,1285240,0,inception3,19,331
9189,8,1285571,0,vgg16,44035,925
9193,1,1286496,0,inception4,3,106
9194,1,1286602,0,vgg19,2,565
9195,1,1287167,0,vgg16,25,145
9198,1,1287312,0,inception3,19,188
9199,1,1287500,0,resnet101,20,139
9200,1,1287639,0,vgg19,436,2460
9203,1,1290099,0,resnet101,23,18
9204,1,1290117,0,vgg16,29,216
9205,1,1290333,0,vgg16,20,63
9206,1,1290396,0,vgg11,442,1502
9210,1,1291898,0,vgg19,18,251
9211,1,1292149,0,inception4,414,206
9212,1,1292355,0,vgg19,25,507
9213,1,1292862,0,resnet152,421,3
9214,1,1292865,0,alexnet,361,65
9215,1,1292930,0,alexnet,415,1
9216,1,1292931,0,alexnet,414,21322
9241,8,1314253,0,inception3,15,1120
9244,8,1315373,0,resnet101,31,20398
9248,3,1335771,0,alexnet,2,1797
9252,1,1337568,0,vgg16,455,4
9253,1,1337572,0,vgg16,450,3
9254,1,1337575,0,resnet101,448,3
9255,1,1337578,0,vgg19,501,530
9256,8,1338108,0,inception4,143676,45
9257,1,1338153,0,resnet152,15158,5
9258,1,1338158,0,inception4,12889,0
9259,1,1338158,0,resnet50,14983,0
9260,1,1338158,0,vgg16,15130,1225
9264,1,1339383,0,vgg16,1,10
9265,1,1339393,0,vgg19,1,0
9266,1,1339393,0,resnet152,17325,7
9267,1,1339400,0,vgg19,1,8
9268,1,1339408,0,inception3,1,9
9271,1,1339466,0,resnet152,69503,9
9272,1,1339475,0,alexnet,71644,7
9273,1,1339482,0,alexnet,71418,12
9274,1,1339494,0,alexnet,39182,10
9275,1,1339504,0,vgg16,39205,9
9276,1,1339513,0,inception3,51456,11
9277,1,1339524,0,resnet50,47052,2681
9278,1,1342205,0,vgg16,66698,9
9279,1,1342214,0,alexnet,66895,60
9280,1,1342274,0,vgg16,48740,11
9281,1,1342285,0,resnet50,48560,645
9283,5,1342930,0,resnet152,12,100
9284,5,1343030,0,alexnet,50716,70
9285,5,1343100,0,resnet50,94031,1177
9288,8,1344277,0,vgg19,43715,942
9291,2,1345219,0,alexnet,139337,76
9293,2,1345295,0,inception3,142784,47
9294,2,1345342,0,vgg19,143881,33
9295,2,1345375,0,vgg19,143792,3330
9301,4,1348770,0,alexnet,66250,65
9302,4,1348835,0,alexnet,5,551
9304,4,1349386,0,resnet152,65479,4710
9310,1,1354096,0,vgg19,6,0
9311,1,1354096,0,resnet152,6,1152
9313,4,1355248,0,inception3,1235,125
9314,4,1355373,0,resnet101,3996,70
9315,1,1355443,0,alexnet,51,1542
9316,1,1356985,0,vgg19,55,12231
9328,1,1369216,0,alexnet,74862,51
9329,1,1369267,0,resnet101,73218,3068
9349,1,1374563,0,vgg16,1,259
9350,1,1374822,0,alexnet,127462,3085
9368,1,1377907,0,inception4,78102,40
9371,1,1377947,0,vgg16,82875,10
9373,1,1377957,0,vgg19,82744,32
9375,1,1377989,0,vgg16,78504,11
9376,1,1378000,0,vgg16,78195,40135
9449,8,1424663,0,vgg16,36057,33
9450,8,1424696,0,vgg19,38949,226
9452,1,1424922,0,vgg19,83179,11
9453,1,1424933,0,vgg19,81629,11
9454,1,1424944,0,resnet50,81426,264
9459,2,1425233,0,vgg11,52304,65
9460,2,1425298,0,vgg11,51870,13
9461,2,1425311,0,inception4,51920,12
9462,2,1425323,0,resnet50,53134,14
9463,2,1425337,0,vgg11,54041,32
9464,2,1425369,0,resnet101,53346,1474
9465,1,1426843,0,vgg11,6,1
9466,1,1426844,0,inception4,8,1
9467,1,1426845,0,vgg19,8,3
9468,1,1426848,0,inception4,8,33
9469,1,1426881,0,resnet152,5,72
9470,1,1426953,0,vgg16,6,0
9471,1,1426953,0,vgg19,7,2
9472,1,1426955,0,vgg11,6,3
9473,1,1426958,0,resnet101,6,73
9474,1,1427031,0,resnet101,9,3
9475,1,1427034,0,resnet101,8,2
9476,1,1427036,0,vgg11,8,3
9477,1,1427039,0,resnet50,8,74
9478,1,1427113,0,vgg11,20,3
9479,1,1427116,0,inception3,20,3
9480,1,1427119,0,inception4,19,2
9481,1,1427121,0,alexnet,20,156
9482,1,1427277,0,vgg11,13028,3
9483,1,1427280,0,vgg16,14884,2
9484,1,1427282,0,alexnet,15075,2
9485,1,1427284,0,inception4,14996,2178
9495,2,1431246,0,inception3,147168,3439
9501,2,1436949,0,resnet50,1,252
9503,2,1437201,0,resnet50,53327,12
9504,2,1437213,0,resnet50,52510,9
9505,2,1437222,0,inception4,52184,18
9506,2,1437240,0,inception4,52227,14
9507,2,1437254,0,alexnet,1,30
9508,2,1437284,0,inception3,29137,2668
9515,2,1440447,0,inception4,12189,1554
9519,1,1444683,0,inception3,23,2
9520,1,1444685,0,alexnet,23,1
9521,1,1444686,0,resnet50,22,2
9522,1,1444688,0,vgg11,22,445
9527,1,1445133,0,vgg16,18580,2
9528,1,1445135,0,alexnet,20831,2
9529,1,1445137,0,vgg19,20812,2
9530,1,1445139,0,vgg11,20709,721
9532,2,1445860,0,vgg19,76,1147
9535,2,1447007,0,inception4,2,209
9536,2,1447216,0,resnet50,44,547
9542,2,1449961,0,inception4,44,1551
9550,1,1451512,0,alexnet,20753,10
9551,1,1451522,0,resnet152,20686,15
9552,1,1451537,0,vgg19,20665,12
9553,1,1451549,0,vgg19,13821,20
9555,1,1451569,0,vgg19,21097,5
9556,1,1451574,0,inception4,20989,10
9557,1,1451584,0,inception3,20612,28
9558,1,1451612,0,inception4,20938,15
9559,1,1451627,0,inception3,21225,16
9560,1,1451643,0,vgg19,21043,14
9561,1,1451657,0,resnet152,13996,26
9563,1,1451683,0,inception4,21162,328
9577,2,1459725,0,vgg16,52706,10
9578,2,1459735,0,vgg11,50912,11
9579,2,1459746,0,vgg16,52138,10
9580,2,1459756,0,vgg19,51826,18
9581,2,1459774,0,resnet101,194174,9
9582,2,1459783,0,vgg11,171968,15
9583,2,1459798,0,inception3,197514,11
9584,2,1459809,0,resnet152,197857,205
9585,1,1460014,0,vgg16,18861,14
9586,1,1460028,0,resnet50,13866,11
9587,1,1460039,0,resnet50,20664,1262
9589,2,1461301,0,inception4,24094,8
9590,2,1461309,0,resnet152,54252,10
9591,2,1461319,0,inception4,194429,13
9592,2,1461332,0,vgg19,52167,23
9593,2,1461355,0,vgg16,10,10
9594,2,1461365,0,vgg16,51840,707
9595,2,1462072,0,resnet152,192984,276
9597,2,1462348,0,resnet152,69215,9
9598,2,1462357,0,resnet101,187865,9
9599,2,1462366,0,vgg11,202257,14
9600,2,1462380,0,inception4,53409,10
9601,2,1462390,0,vgg11,51826,211
9602,2,1462601,0,resnet152,51750,5
9603,2,1462606,0,alexnet,53287,1859
9608,2,1464465,0,inception4,192720,26840
9625,1,1491305,0,alexnet,19,232
9626,1,1491537,0,resnet152,19,207
9627,1,1491744,0,vgg19,138,639
9628,1,1492383,0,alexnet,139,709
9629,1,1493092,0,vgg11,136,489
9632,1,1493581,0,resnet50,140,1957
9634,1,1495538,0,resnet101,9185,124
9635,1,1495662,0,vgg19,10376,45
9636,1,1495707,0,resnet101,10966,54945
9642,1,1550652,0,resnet152,5,1
9643,1,1550653,0,vgg16,5,5118
9645,4,1555771,0,resnet152,1,244
9653,2,1557285,0,alexnet,1,241
9654,4,1557526,0,alexnet,1,117514
9687,2,1675040,0,vgg16,67264,4260
9691,2,1679300,0,alexnet,52436,29
9692,2,1679329,0,inception4,51826,10
9693,2,1679339,0,resnet101,51848,9
9694,2,1679348,0,inception4,53163,12
9695,2,1679360,0,resnet101,57115,10
9696,2,1679370,0,vgg19,52174,1116
9698,2,1680486,0,vgg11,52739,10
9699,2,1680496,0,resnet152,51957,24
9700,2,1680520,0,inception4,52720,3930
9711,2,1687722,0,inception3,42,163
9713,2,1687885,0,alexnet,204476,1125
9720,8,1689010,0,resnet50,1,398
9723,6,1689601,0,vgg11,112805,308
9724,8,1689909,0,inception3,25453,1828
9727,2,1691737,0,vgg16,53658,14
9728,2,1691751,0,inception3,52207,9
9729,2,1691760,0,vgg16,53826,2566
9749,1,1703199,0,resnet50,14281,1248
9750,6,1704447,0,resnet50,104741,4770
9760,8,1709217,0,resnet101,5,24
9761,8,1709241,0,vgg11,4,74
9762,8,1709315,0,inception4,43,121
9764,4,1709436,0,vgg19,5,293
9766,8,1709729,0,vgg16,91297,17
9767,8,1709746,0,resnet101,90353,260
9769,4,1710006,0,alexnet,30,97
9770,4,1710103,0,inception4,31,127
9772,4,1710230,0,inception4,136638,120
9777,4,1710350,0,vgg16,136941,44
9778,4,1710394,0,resnet50,137117,31
9779,4,1710425,0,vgg19,33,28
9780,4,1710453,0,inception3,32,39
9781,4,1710492,0,inception4,136323,150
9782,4,1710642,0,resnet50,133038,50
9783,4,1710692,0,vgg16,132881,38
9784,4,1710730,0,alexnet,128880,55
9786,4,1710785,0,resnet101,28,187
9787,4,1710972,0,vgg19,135763,1251
9788,1,1712223,0,vgg19,8469,755
9789,1,1712978,0,resnet101,8158,1068
9791,1,1714046,0,resnet152,7284,857
9794,1,1714903,0,vgg11,5,3255
9799,1,1718158,0,vgg16,1783,15
9800,1,1718173,0,resnet152,1737,12
9801,1,1718185,0,vgg11,1725,3721
9807,4,1721906,0,resnet152,6,119
9808,8,1722025,0,vgg16,7,20012
9946,4,1775692,0,inception4,5,766
9947,4,1776458,0,inception3,5,94
9948,4,1776552,0,vgg11,5,72
9949,4,1776624,0,resnet50,5,1878
9950,8,1778502,0,resnet152,170365,487
9953,1,1778989,0,vgg19,139087,74
9955,1,1779063,0,vgg11,138434,1512
9959,1,1780575,0,inception4,113,401
9970,3,1784085,0,inception4,48,83
9971,2,1784168,0,resnet50,44,205
9972,3,1784373,0,vgg19,45,34
9973,2,1784407,0,vgg11,42,976
9975,2,1785383,0,inception3,46,529
9979,2,1785912,0,resnet50,1419176,78
9980,1,1785990,0,resnet50,1412501,22
9981,1,1786012,0,inception3,1433815,1053
9987,1,1787065,0,resnet101,56278,22
9988,1,1787087,0,resnet152,56564,22
9989,1,1787109,0,vgg19,50753,7761
10001,8,1796331,0,vgg16,792640,469
10046,2,1811055,0,inception4,3,40075
10096,2,1852602,0,vgg19,1,236
10097,2,1852838,0,resnet101,49921,60
10098,2,1852898,0,resnet50,51455,12
10099,2,1852910,0,resnet50,51440,8
10100,2,1852918,0,vgg16,51882,16
10101,2,1852934,0,vgg19,51914,12
10102,2,1852946,0,inception4,51922,31
10103,2,1852977,0,vgg19,51471,10
10104,2,1852987,0,inception4,51452,15
10106,2,1853002,0,resnet101,51345,9
10107,2,1853011,0,vgg16,51545,2123
10113,4,1861190,0,resnet101,52215,21
10115,4,1861211,0,resnet152,51103,16
10116,4,1861227,0,inception4,50686,7892
10122,4,1869548,0,resnet50,32,686
10132,2,1870585,0,inception3,77725,59
10133,2,1870644,0,alexnet,77718,57
10134,2,1870701,0,alexnet,78708,28
10135,2,1870729,0,resnet152,78909,253
10136,2,1870982,0,vgg11,79463,29
10137,2,1871011,0,inception3,78768,105
10139,1,1871116,0,resnet50,147397,27
10140,1,1871143,0,alexnet,148663,2034
10165,1,1880523,0,alexnet,107018,21
10167,1,1880544,0,vgg16,102389,5411
10179,4,1885955,0,resnet50,40,2
10180,4,1885957,0,resnet152,36,372
10181,4,1886329,0,vgg11,36,183
10182,4,1886512,0,resnet50,68,307
10183,4,1886819,0,alexnet,59,1151
10185,4,1887970,0,vgg11,34,164
10186,4,1888134,0,vgg11,99,679
10187,8,1888813,0,resnet101,126,778
10188,2,1889591,0,vgg19,89,4593
10194,4,1894184,0,alexnet,35,2439
10201,2,1896623,0,inception4,68,4586
10210,2,1901209,0,inception4,105,410
10211,2,1901619,0,resnet101,104,462
10212,2,1902081,0,inception3,104,135
10213,1,1902216,0,resnet152,174,148
10214,1,1902364,0,vgg16,136,2
10215,1,1902366,0,alexnet,135,406
10216,2,1902772,0,vgg16,101,636
10218,1,1903408,0,inception4,169,5994
10224,1,1909402,0,resnet101,2153,1629
10226,1,1911031,0,resnet50,1988,23705
10251,4,1935312,0,resnet101,933,1
10252,4,1935313,0,alexnet,915,3586
10263,2,1938899,0,resnet152,49793,8
10264,2,1938907,0,alexnet,51654,13
10265,2,1938920,0,resnet152,53635,19
10266,2,1938939,0,resnet50,51548,8
10267,2,1938947,0,vgg19,54534,20
10268,2,1938967,0,alexnet,52202,27
10269,2,1938994,0,inception3,52234,11
10270,2,1939005,0,vgg11,51884,965
10280,1,1941997,0,resnet101,300,3698
10283,2,1945695,0,inception4,2,317
10286,2,1946012,0,vgg16,38,301
10290,2,1946313,0,alexnet,919,841
10294,1,1948135,0,resnet101,13,28
10295,1,1948163,0,resnet50,8,193
10296,1,1948356,0,resnet101,42,56
10297,1,1948412,0,alexnet,11,8720
10333,6,1957132,0,vgg16,2657632,1324
10342,4,1958456,0,vgg11,34,587
10351,4,1959320,0,vgg19,1,783
10357,1,1960103,0,inception3,21203,18
10358,1,1960121,0,vgg16,21099,9
10359,1,1960130,0,resnet101,21079,10
10360,1,1960140,0,inception3,21070,25
10361,1,1960165,0,inception4,18746,12
10362,1,1960177,0,resnet101,18678,11
10363,1,1960188,0,inception3,12512,3193
10371,1,1963381,0,inception3,500,6811
10394,1,1970192,0,vgg11,3,103
10396,1,1970295,0,resnet101,3,871
10400,4,1971166,0,resnet50,617906,2605
10404,1,1973771,0,alexnet,3,161
10405,1,1973932,0,inception3,3,1122
10407,1,1975054,0,vgg19,5,457
10408,2,1975511,0,resnet152,109,784
10411,1,1976295,0,vgg19,2,131
10412,1,1976426,0,resnet101,3,58
10413,1,1976484,0,inception4,50002,7067
10422,2,1983872,0,vgg19,228179,9407
10440,4,1993279,0,vgg11,2,306
10441,4,1993585,0,resnet101,3,88
10442,4,1993673,0,vgg16,94,124
10443,4,1993797,0,vgg19,3,217
10444,4,1994014,0,inception3,114,65
10445,4,1994079,0,alexnet,124,832
10449,4,1994911,0,resnet152,1484,1682
10453,4,1996593,0,vgg16,1932,669
10454,4,1997262,0,vgg16,2745,1936
10459,4,1999198,0,resnet50,208106,1340
10461,4,2000538,0,inception3,74,296
10462,4,2000834,0,inception4,63,506
10465,4,2001340,0,inception3,1490,1574
10473,4,2002914,0,resnet101,2274,41
10474,4,2002955,0,resnet152,98,260
10475,1,2003215,0,alexnet,1991,112
10477,1,2003327,0,inception4,2253,42
10478,1,2003369,0,resnet101,2435,19906
10490,2,2023275,0,inception4,51016,10
10491,2,2023285,0,inception4,21254,9
10492,2,2023294,0,inception3,50021,27
10493,2,2023321,0,vgg11,50610,2199
10495,8,2025520,0,vgg19,1459,8530
10550,1,2035364,0,vgg11,4,694
10555,1,2036058,0,resnet152,4,6204
10563,4,2042262,0,vgg16,12,37
10564,4,2042299,0,inception4,11,128
10566,4,2042427,0,resnet152,103150,41
10567,4,2042468,0,vgg11,99505,50
10568,4,2042518,0,resnet152,103923,42
10569,4,2042560,0,resnet101,104662,166
10570,4,2042726,0,resnet152,139314,36
10571,4,2042762,0,vgg11,140323,42
10572,4,2042804,0,inception3,112572,48
10573,4,2042852,0,resnet50,112733,65
10574,4,2042917,0,resnet101,78498,44
10575,4,2042961,0,resnet152,77962,29
10576,4,2042990,0,inception4,101271,46
10577,4,2043036,0,inception4,77892,387
10578,1,2043423,0,resnet152,4,806
10579,1,2044229,0,vgg19,130142,31
10580,1,2044260,0,resnet152,129267,69
10582,1,2044329,0,resnet50,129174,41
10583,1,2044370,0,vgg11,138879,18
10584,1,2044388,0,resnet152,129768,51
10585,1,2044439,0,vgg19,111940,23
10586,1,2044462,0,resnet101,110018,51
10587,1,2044513,0,inception4,132570,29
10588,1,2044542,0,resnet101,132878,34
10589,1,2044576,0,inception4,133076,22
10590,1,2044598,0,vgg19,131743,28
10591,1,2044626,0,vgg11,132583,26
10592,1,2044652,0,vgg11,132582,47
10593,1,2044699,0,resnet101,129904,26
10594,1,2044725,0,vgg19,129761,134
10596,1,2044915,0,resnet50,112548,27
10597,1,2044942,0,inception3,110632,88
10610,1,2045803,0,vgg16,129936,29
10612,1,2045832,0,resnet50,129513,20
10613,1,2045852,0,vgg16,129853,16
10614,1,2045868,0,resnet152,129571,18
10615,1,2045886,0,vgg19,130360,19
10616,1,2045905,0,resnet101,129146,19
10617,1,2045924,0,resnet50,129819,25
10618,1,2045949,0,vgg16,129818,0
10619,1,2045949,0,vgg11,129907,49
10620,1,2045998,0,resnet152,133421,17
10621,1,2046015,0,resnet50,132751,1
10622,1,2046016,0,inception4,132317,25
10623,1,2046041,0,resnet50,111246,41
10624,1,2046082,0,inception4,114129,2109
10659,2,2053839,0,vgg16,37686,1037
10667,1,2054876,0,vgg16,1939,174
10669,4,2055050,0,resnet101,86,969
10678,1,2056019,0,vgg19,73,19
10681,1,2056101,0,resnet152,4,141
10683,1,2056242,0,vgg11,23,138
10685,1,2056380,0,resnet152,2,99
10686,1,2056479,0,alexnet,2,88
10687,1,2056567,0,alexnet,7,424
10688,1,2056991,0,resnet152,12,686
10690,1,2057677,0,vgg19,5,214
10691,1,2057891,0,inception4,2,3853
10700,1,2061744,0,resnet101,21,842
10701,2,2062586,0,vgg19,38986,17
10702,2,2062603,0,inception4,51976,10
10703,2,2062613,0,alexnet,49794,930
10713,1,2063543,0,vgg19,3,569
10717,1,2064112,0,resnet152,54636,336
10719,2,2064448,0,vgg19,62174,12
10720,2,2064460,0,resnet50,79576,17
10722,2,2064477,0,inception4,62167,18
10723,2,2064495,0,vgg19,60918,10
10724,2,2064505,0,inception3,62465,6
10725,2,2064511,0,inception3,80487,540
10729,1,2065051,0,resnet152,1331,424
10733,1,2065475,0,inception4,1342,5853
10739,1,2071328,0,vgg16,1330,6994
10746,1,2078322,0,vgg16,639,4711
10747,4,2083033,0,resnet101,99,11174
10751,1,2094207,0,resnet101,653,3193
10752,1,2097401,0,vgg19,2,234
10754,1,2097635,0,resnet50,28,186
10755,1,2097821,0,resnet152,25,135
10756,1,2097956,0,vgg19,25,33
10757,1,2097989,0,vgg19,24,371
10759,1,2098360,0,inception3,39,8734
10762,1,2107094,0,vgg11,2344,40
10763,1,2107134,0,resnet50,1929,57
10764,1,2107191,0,resnet152,1944,2447
10765,1,2109638,0,resnet101,2281,38
10766,1,2109676,0,vgg11,1877,35
10767,1,2109711,0,resnet152,1804,15041
10771,4,2124752,0,vgg11,82805,23
10773,4,2124775,0,inception4,81720,1
10774,4,2124776,0,vgg16,83983,0
10775,4,2124776,0,resnet101,80139,4
10776,4,2124780,0,inception4,81755,1143
10777,4,2125923,0,resnet50,80568,0
10778,4,2125923,0,inception4,89037,0
10779,4,2125923,0,resnet101,88375,1
10780,4,2125924,0,alexnet,87740,0
10781,4,2125924,0,vgg19,81375,0
10782,4,2125924,0,resnet152,91070,0
10783,4,2125924,0,vgg11,78602,4
10784,4,2125928,0,vgg11,88340,156542
10789,2,2282470,0,vgg11,93948,13
10790,2,2282483,0,resnet152,1,36
10792,2,2282519,0,alexnet,93925,5
10793,2,2282524,0,resnet101,92992,21
10794,2,2282545,0,vgg11,93011,15
10795,2,2282560,0,resnet152,92915,2856
10800,1,2289578,0,inception3,6,1055
10806,1,2290833,0,alexnet,22,28
10807,1,2290861,0,vgg19,12,400
10808,1,2291261,0,vgg16,21,30
10809,1,2291291,0,resnet152,245,250
10811,1,2291541,0,resnet101,25,12076
10832,1,2303617,0,alexnet,41,89
10833,1,2303706,0,resnet50,40,522
10834,4,2304228,0,alexnet,79704,40
10835,4,2304268,0,vgg19,102468,45
10836,4,2304313,0,alexnet,103822,203
10837,4,2304516,0,inception3,130665,46
10838,4,2304562,0,vgg11,130509,37
10839,4,2304599,0,inception3,130776,54
10840,4,2304653,0,alexnet,130907,65
10841,4,2304718,0,inception3,111599,49
10842,4,2304767,0,resnet152,111102,38
10843,4,2304805,0,resnet152,127994,36
10844,4,2304841,0,resnet101,130717,1539
10846,1,2306380,0,vgg16,9,82
10847,1,2306462,0,resnet152,9,41
10848,1,2306503,0,resnet50,42,1084
10851,1,2307587,0,inception4,1373,331
10853,1,2307918,0,vgg16,44,399
10854,1,2308317,0,alexnet,42,289
10855,1,2308606,0,vgg16,41,813
10856,1,2309419,0,inception4,7,687
10857,1,2310106,0,inception4,6,49
10858,1,2310155,0,resnet101,6,635
10862,5,2310790,0,inception3,20696,231
10863,5,2311021,0,resnet50,20706,280
10864,5,2311301,0,inception3,20853,84
10865,1,2311385,0,inception4,529121,23
10866,3,2311408,0,resnet50,513157,21
10867,5,2311429,0,resnet101,497631,96
10868,5,2311525,0,vgg11,512043,25
10869,3,2311550,0,inception4,523338,20
10870,1,2311570,0,vgg16,519660,46
10871,1,2311616,0,alexnet,535094,21
10872,3,2311637,0,vgg16,521358,30
10873,5,2311667,0,resnet50,534421,131
10874,1,2311798,0,vgg19,534330,23
10875,1,2311821,0,resnet101,535338,44
10876,1,2311865,0,resnet101,517168,18
10877,1,2311883,0,resnet50,537849,49
10878,1,2311932,0,alexnet,507082,19
10879,1,2311951,0,resnet101,528192,173
10880,1,2312124,0,alexnet,130082,11
10881,1,2312135,0,resnet50,130604,12
10882,1,2312147,0,vgg19,129895,10
10883,1,2312157,0,inception3,130499,10
10884,1,2312167,0,vgg16,129914,13
10885,1,2312180,0,vgg11,130577,169
10886,1,2312349,0,resnet101,129376,8
10887,1,2312357,0,vgg11,130167,10
10888,1,2312367,0,vgg16,130157,11
10889,1,2312378,0,resnet152,129347,54
10890,1,2312432,0,vgg19,131023,8
10891,1,2312440,0,inception4,128392,7
10892,1,2312447,0,resnet152,128950,16
10893,1,2312463,0,resnet152,128412,1
10894,1,2312464,0,vgg19,128963,10
10895,1,2312474,0,resnet152,130797,9
10897,1,2312483,0,resnet50,128939,9
10898,1,2312492,0,vgg16,130621,18
10899,1,2312510,0,inception3,133393,9
10900,1,2312519,0,resnet101,133469,7
10901,1,2312526,0,alexnet,133906,11
10902,1,2312537,0,resnet50,133984,10
10903,1,2312547,0,vgg16,133396,12
10904,1,2312559,0,alexnet,133183,8
10905,1,2312567,0,alexnet,133903,7
10906,1,2312574,0,vgg16,132801,9
10907,1,2312583,0,vgg11,134198,8
10908,1,2312591,0,vgg16,132105,8
10909,1,2312599,0,vgg19,133796,7
10910,1,2312606,0,vgg16,133882,9
10911,1,2312615,0,alexnet,133821,7
10912,1,2312622,0,alexnet,134140,6
10913,1,2312628,0,inception4,133680,11
10914,1,2312639,0,vgg19,134254,4
10915,1,2312643,0,resnet152,132269,7
10916,1,2312650,0,inception3,9,145
10917,1,2312795,0,inception3,132113,3269
10921,8,2316064,0,vgg11,81,9152
10933,1,2325216,0,vgg16,19,1500
10935,8,2326716,0,inception3,1371,2101
10936,1,2328817,0,vgg19,33,8
10937,1,2328825,0,resnet101,32,9
10938,1,2328834,0,alexnet,31,16
10939,1,2328850,0,resnet152,32,525
10940,4,2329375,0,resnet152,1313,706
10941,1,2330081,0,resnet101,30,8
10942,1,2330089,0,inception3,29,8
10943,1,2330097,0,alexnet,30,6
10944,1,2330103,0,resnet152,30,12
10945,1,2330115,0,vgg16,30,11
10946,1,2330126,0,alexnet,28,7
10947,1,2330133,0,resnet101,27,15635
10958,6,2345768,0,inception4,142,2446
10960,6,2348214,0,resnet152,5098,27512
10970,1,2375726,0,vgg16,3,743
10974,1,2376469,0,resnet101,4,107
10976,1,2376576,0,alexnet,5,313
10977,1,2376889,0,resnet50,16383,41
10978,1,2376930,0,vgg16,16432,46
10979,1,2376976,0,resnet101,16431,27
10980,1,2377003,0,resnet101,22335,22
10981,1,2377025,0,vgg19,4,5
10982,1,2377030,0,vgg19,22291,35
10983,1,2377065,0,inception3,22344,128
10984,1,2377193,0,resnet50,22542,22
10985,1,2377215,0,inception4,22565,22
10986,1,2377237,0,vgg11,22529,60
10988,1,2377297,0,vgg19,16850,20
10989,1,2377317,0,inception3,16787,21
10990,1,2377338,0,alexnet,16789,923
10991,1,2378261,0,inception3,1736,23
10992,1,2378284,0,vgg11,264,23
10993,1,2378307,0,resnet50,321,26
10994,1,2378333,0,vgg16,32,20
10995,1,2378353,0,resnet50,28,21
10996,1,2378374,0,resnet101,28,64
10997,1,2378438,0,alexnet,34,21
10998,1,2378459,0,alexnet,35,29
10999,1,2378488,0,vgg11,33,2
11000,1,2378490,0,inception3,32,22
11001,1,2378512,0,alexnet,1226,21
11002,1,2378533,0,resnet152,1502,19
11003,1,2378552,0,resnet152,382,2291
11005,1,2380843,0,inception4,4003,23
11006,1,2380866,0,vgg16,3992,20
11007,1,2380886,0,resnet152,4011,25
11008,1,2380911,0,alexnet,66851,19
11009,1,2380930,0,alexnet,66918,21
11010,1,2380951,0,inception3,694,84
11011,1,2381035,0,alexnet,67744,19
11012,1,2381054,0,inception4,67839,20
11013,1,2381074,0,vgg19,67833,24
11014,1,2381098,0,alexnet,3841,21
11015,1,2381119,0,alexnet,3838,26
11016,1,2381145,0,resnet50,3836,4994
11018,4,2386139,0,vgg11,5,140
11019,4,2386279,0,alexnet,9,91
11020,4,2386370,0,inception4,7,90
11021,4,2386460,0,inception3,7,60
11022,4,2386520,0,inception4,7,21
11023,1,2386541,0,alexnet,55745,8
11024,1,2386549,0,inception3,56072,27
11025,4,2386576,0,vgg16,7,144
11026,4,2386720,0,alexnet,7,136
11027,4,2386856,0,resnet101,8,116
11028,4,2386972,0,resnet101,8,126
11029,4,2387098,0,vgg11,9,106
11030,4,2387204,0,resnet152,9,75
11031,4,2387279,0,inception4,197588,55
11032,4,2387334,0,resnet50,196013,20
11033,4,2387354,0,inception4,183353,20
11034,4,2387374,0,vgg19,193426,458
11035,4,2387832,0,resnet101,173854,67
11036,3,2387899,0,vgg16,204546,243
11037,1,2388142,0,vgg11,7,74
11039,1,2388216,0,vgg19,5,269
11055,1,2388485,0,vgg11,8,16970
11131,1,2418026,0,vgg16,30,231
11133,1,2418257,0,inception4,30,375
11136,4,2418632,0,resnet50,132,52
11137,4,2418684,0,alexnet,132,1353
11140,4,2420037,0,inception4,82,37
11142,4,2420074,0,resnet101,64,1016
11146,4,2421090,0,inception4,78,1457
11148,4,2422547,0,resnet50,108,583
11149,4,2423130,0,alexnet,72,2363
11153,4,2425493,0,resnet50,116,382
11156,4,2425875,0,resnet152,81,41556
11183,1,2467431,0,vgg16,30,1965
11187,1,2469396,0,resnet152,131635,0
11188,1,2469396,0,vgg11,132458,0
11189,1,2469396,0,resnet50,129700,1
11190,1,2469397,0,resnet101,129321,0
11191,1,2469397,0,inception4,18,2
11192,1,2469399,0,vgg16,132555,0
11193,1,2469399,0,resnet152,132829,0
11194,1,2469399,0,resnet50,132472,0
11195,1,2469399,0,resnet101,132613,0
11196,1,2469399,0,resnet152,132056,0
11197,1,2469399,0,resnet152,131604,1
11198,1,2469400,0,resnet152,132666,0
11199,1,2469400,0,vgg11,129347,0
11200,1,2469400,0,vgg16,26,0
11201,1,2469400,0,inception3,132250,1
11202,1,2469401,0,resnet101,132983,6
11203,1,2469407,0,vgg16,134356,0
